{
  "num_samples": 20,
  "mean_mse": 0.014644828625023365,
  "std_mse": 0.004187062848359346,
  "mean_mae": 0.10451237112283707,
  "std_mae": 0.01396971195936203,
  "mean_pcc": 0.2950334591755272,
  "std_pcc": 0.22408354009205858
}