{
  "num_samples": 680,
  "prediction_shape": [
    680,
    21,
    45,
    45
  ],
  "metrics": {
    "mse": {
      "mean": 0.013442674651741982,
      "std": 0.006715776864439249,
      "min": 0.0016982409870252013,
      "max": 0.04896989464759827,
      "median": 0.012355554848909378
    },
    "mae": {
      "mean": 0.08870198577642441,
      "std": 0.02345343679189682,
      "min": 0.028268229216337204,
      "max": 0.2026871144771576,
      "median": 0.08691433072090149
    },
    "pcc": {
      "mean": 0.4366131954839143,
      "std": 0.25121625871684544,
      "min": -0.3258003208108257,
      "max": 0.8862788545424097,
      "median": 0.4946263722311097
    }
  }
}